{
    "0.5": 0.538870563603761,
    "0.55": 0.5754903295171473,
    "0.6": 0.5915852686021943,
    "0.65": 0.5808272960374451,
    "0.7": 0.5589765630209651,
    "0.75": 0.5373975882483514,
    "0.8": 0.5198401787484139,
    "0.85": 0.5081130112366324,
    "0.9": 0.5021539695429803,
    "0.95": 0.5003306772580827
}