{
    "0.6": 0.7408637873754153,
    "0.65": 0.7238218284729913,
    "0.7": 0.674234034699151,
    "0.75": 0.6520856404577334,
    "0.8": 0.6500553709856035,
    "0.85": 0.6245231942906362,
    "0.9": 0.5773963332102867
}